BIOSPECIMEN|TARGET_SERVICE_ID	BIOSPECIMEN|ID	SEQUENCING|ID	GENOMIC_FILE|ID	GENOMIC_FILE|DATA_TYPE	GENOMIC_FILE|FILE_FORMAT	GENOMIC_FILE|FILE_NAME	GENOMIC_FILE|HASH_DICT	GENOMIC_FILE|HARMONIZED	GENOMIC_FILE|AVAILABILITY	GENOMIC_FILE|CONTROLLED_ACCESS	SEQUENCING|PAIRED_END	GENOMIC_FILE|REFERENCE_GENOME	GENOMIC_FILE|SIZE	GENOMIC_FILE|URL_LIST	SEQUENCING|VISIBLE	GENOMIC_FILE|VISIBLE	SEQUENCING|HIDDEN	GENOMIC_FILE|HIDDEN	BIOSPECIMEN|EVENT_AGE_DAYS	BIOSPECIMEN|ANALYTE	BIOSPECIMEN_GROUP|ID	BIOSPECIMEN|SAMPLE_PROCUREMENT	BIOSPECIMEN|ANATOMY_SITE	BIOSPECIMEN|TISSUE_TYPE	BIOSPECIMEN|TUMOR_DESCRIPTOR	BIOSPECIMEN|VISIBLE	BIOSPECIMEN|HIDDEN	PARTICIPANT|TARGET_SERVICE_ID	STUDY|TARGET_SERVICE_ID	SEQUENCING|STRATEGY	SEQUENCING|LIBRARY_NAME	SEQUENCING|PLATFORM	SEQUENCING|CENTER|TARGET_SERVICE_ID
	901071	10x-901071	s3://kf-strides-study-us-east-1-prd-sd-bhjxbdqk/source/NYGC/project_hope/Project_NCIGCC_14356_B01_NAN_Lane.2020-06-08/Sample_HBAD-A-3/fastq/HBAD-A-3_TCCTTCTT_HGHVJDSXY_L003_001.R2.fastq.gz	Unaligned Reads	fastq	HBAD-A-3_TCCTTCTT_HGHVJDSXY_L003_001.R2.fastq.gz	{'etag': '219b48576bc5f02724187f0d07d5c1e2-2722', 'md5': '7a55575a77c0f44021e5ae90a5f335aa', 'sha256': '49d0be8f22624c6a28d16d2ac870256a3ceece0c26143400837fa8ff70b51a2d'}	False	Immediate Download	True	True	GRCh38	14268554888	['s3://kf-strides-study-us-east-1-prd-sd-bhjxbdqk/source/NYGC/project_hope/Project_NCIGCC_14356_B01_NAN_Lane.2020-06-08/Sample_HBAD-A-3/fastq/HBAD-A-3_TCCTTCTT_HGHVJDSXY_L003_001.R2.fastq.gz']	False	False	True	True	14211	RNA	7316UP-2058	Surgical Resections	Cerebrum	Tumor	Glioblastoma	False	True	PT_3PVE9CBR	SD_BHJXBDQK	Single Cell RNA-Seq	10x	Illumina	SC_BJW95TMY
	900650	10x-900650	s3://kf-strides-study-us-east-1-prd-sd-bhjxbdqk/source/NYGC/project_hope/aaron_diaz/./HBAD-F1_900650/HBAD-F1_S1_L004_R1_001.fastq.gz	Unaligned Reads	fastq	HBAD-F1_S1_L004_R1_001.fastq.gz	{'etag': '70172b6d57dcaf75a65b6d30dc96a06d-1008'}	False	Immediate Download	True	True	GRCh38	8452144166	['s3://kf-strides-study-us-east-1-prd-sd-bhjxbdqk/source/NYGC/project_hope/aaron_diaz/./HBAD-F1_900650/HBAD-F1_S1_L004_R1_001.fastq.gz']	False	False	True	True	14385	RNA	7316UP-2333	Surgical Resections	Cerebrum	Tumor	Glioblastoma	False	True	PT_3PVE9CBR	SD_BHJXBDQK	Single Cell RNA-Seq	10x	Illumina	SC_BJW95TMY
	900650	10x-900650	s3://kf-strides-study-us-east-1-prd-sd-bhjxbdqk/source/NYGC/project_hope/aaron_diaz/./HBAD-F1_900650/HBAD-F1_S2_L004_R2_001.fastq.gz	Unaligned Reads	fastq	HBAD-F1_S2_L004_R2_001.fastq.gz	{'etag': '4da98648a4fcb1c4fc109d891ea76c9c-2221'}	False	Immediate Download	True	True	GRCh38	18623614172	['s3://kf-strides-study-us-east-1-prd-sd-bhjxbdqk/source/NYGC/project_hope/aaron_diaz/./HBAD-F1_900650/HBAD-F1_S2_L004_R2_001.fastq.gz']	False	False	True	True	14385	RNA	7316UP-2333	Surgical Resections	Cerebrum	Tumor	Glioblastoma	False	True	PT_3PVE9CBR	SD_BHJXBDQK	Single Cell RNA-Seq	10x	Illumina	SC_BJW95TMY
	900650	10x-900650	s3://kf-strides-study-us-east-1-prd-sd-bhjxbdqk/source/NYGC/project_hope/aaron_diaz/./HBAD-F1_900650/HBAD-F1_S3_L004_R1_001.fastq.gz	Unaligned Reads	fastq	HBAD-F1_S3_L004_R1_001.fastq.gz	{'etag': 'ce0a00bc75a005e04f85b12a82b2fa98-809'}	False	Immediate Download	True	True	GRCh38	6778632051	['s3://kf-strides-study-us-east-1-prd-sd-bhjxbdqk/source/NYGC/project_hope/aaron_diaz/./HBAD-F1_900650/HBAD-F1_S3_L004_R1_001.fastq.gz']	False	False	True	True	14385	RNA	7316UP-2333	Surgical Resections	Cerebrum	Tumor	Glioblastoma	False	True	PT_3PVE9CBR	SD_BHJXBDQK	Single Cell RNA-Seq	10x	Illumina	SC_BJW95TMY
	900655	10x-900655	s3://kf-strides-study-us-east-1-prd-sd-bhjxbdqk/source/NYGC/project_hope/Project_NCIGCC_14356_B01_NAN_Lane.2020-06-08/Sample_HBAD-A-2/fastq/HBAD-A-2_GTACGCGG_HGHVJDSXY_L003_001.R1.fastq.gz	Unaligned Reads	fastq	HBAD-A-2_GTACGCGG_HGHVJDSXY_L003_001.R1.fastq.gz	{'etag': '0a2ec3ce270e44d96bb632c1db989baa-629', 'md5': '22321fa8a3518437c8f13ad4fd49adcf', 'sha256': '4061d8c78807eb56a016b385e07738d16726ed6ffbc3750753d608617731f334'}	False	Immediate Download	True	True	GRCh38	3293939714	['s3://kf-strides-study-us-east-1-prd-sd-bhjxbdqk/source/NYGC/project_hope/Project_NCIGCC_14356_B01_NAN_Lane.2020-06-08/Sample_HBAD-A-2/fastq/HBAD-A-2_GTACGCGG_HGHVJDSXY_L003_001.R1.fastq.gz']	False	False	True	True	14581	RNA	7316UP-2403	Surgical Resections	Cerebrum	Tumor	Glioblastoma	False	True	PT_HP7WQNW4	SD_BHJXBDQK	Single Cell RNA-Seq	10x	Illumina	SC_BJW95TMY
	900655	10x-900655	s3://kf-strides-study-us-east-1-prd-sd-bhjxbdqk/source/NYGC/project_hope/Project_NCIGCC_14356_B01_NAN_Lane.2020-06-08/Sample_HBAD-A-2/fastq/HBAD-A-2_TAGGATAA_HGHVJDSXY_L003_001.R2.fastq.gz	Unaligned Reads	fastq	HBAD-A-2_TAGGATAA_HGHVJDSXY_L003_001.R2.fastq.gz	{'etag': '54e4b2d881fae3827521ca5db0db088c-928', 'md5': '74654c8664f2b2437c2a07532797b564', 'sha256': 'ab3ec41eb103566a13e49c4a749e5f29d8fb65f8816ea0fc8411afa4bed1dc69'}	False	Immediate Download	True	True	GRCh38	4861292010	['s3://kf-strides-study-us-east-1-prd-sd-bhjxbdqk/source/NYGC/project_hope/Project_NCIGCC_14356_B01_NAN_Lane.2020-06-08/Sample_HBAD-A-2/fastq/HBAD-A-2_TAGGATAA_HGHVJDSXY_L003_001.R2.fastq.gz']	False	False	True	True	14581	RNA	7316UP-2403	Surgical Resections	Cerebrum	Tumor	Glioblastoma	False	True	PT_HP7WQNW4	SD_BHJXBDQK	Single Cell RNA-Seq	10x	Illumina	SC_BJW95TMY
	901071	10x-901071	s3://kf-strides-study-us-east-1-prd-sd-bhjxbdqk/source/NYGC/project_hope/Project_NCIGCC_14356_B01_NAN_Lane.2020-06-08/Sample_HBAD-A-3/fastq/HBAD-A-3_AAAGAAGA_HGHVJDSXY_L003_001.R2.fastq.gz	Unaligned Reads	fastq	HBAD-A-3_AAAGAAGA_HGHVJDSXY_L003_001.R2.fastq.gz	{'etag': 'be5c09d9b963a045d335ed786a351f47-1962', 'md5': '00c717ec17d3e9c5993258d1accaa896', 'sha256': '7aaf412931078290c21460f83312a2bf757fc1f66e5e720de4640bc0f6413a8c'}	False	Immediate Download	True	True	GRCh38	10284077923	['s3://kf-strides-study-us-east-1-prd-sd-bhjxbdqk/source/NYGC/project_hope/Project_NCIGCC_14356_B01_NAN_Lane.2020-06-08/Sample_HBAD-A-3/fastq/HBAD-A-3_AAAGAAGA_HGHVJDSXY_L003_001.R2.fastq.gz']	False	False	True	True	14211	RNA	7316UP-2058	Surgical Resections	Cerebrum	Tumor	Glioblastoma	False	True	PT_3PVE9CBR	SD_BHJXBDQK	Single Cell RNA-Seq	10x	Illumina	SC_BJW95TMY
	901071	10x-901071	s3://kf-strides-study-us-east-1-prd-sd-bhjxbdqk/source/NYGC/project_hope/Project_NCIGCC_14356_B01_NAN_Lane.2020-06-08/Sample_HBAD-A-3/fastq/HBAD-A-3_GGTCGTAC_HGHVJDSXY_L003_001.R1.fastq.gz	Unaligned Reads	fastq	HBAD-A-3_GGTCGTAC_HGHVJDSXY_L003_001.R1.fastq.gz	{'etag': '8fe681f37452c2c66dc9637cef69bde5-1017', 'md5': '385aac2ef133fee35c419aa8bae03afe', 'sha256': 'dac842a777ee27083f204fe08e154fc037f17daea677b44002120f79280ab980'}	False	Immediate Download	True	True	GRCh38	5331941214	['s3://kf-strides-study-us-east-1-prd-sd-bhjxbdqk/source/NYGC/project_hope/Project_NCIGCC_14356_B01_NAN_Lane.2020-06-08/Sample_HBAD-A-3/fastq/HBAD-A-3_GGTCGTAC_HGHVJDSXY_L003_001.R1.fastq.gz']	False	False	True	True	14211	RNA	7316UP-2058	Surgical Resections	Cerebrum	Tumor	Glioblastoma	False	True	PT_3PVE9CBR	SD_BHJXBDQK	Single Cell RNA-Seq	10x	Illumina	SC_BJW95TMY
	900655	10x-900655	s3://kf-strides-study-us-east-1-prd-sd-bhjxbdqk/source/NYGC/project_hope/Project_NCIGCC_14356_B01_NAN_Lane.2020-06-08/Sample_HBAD-A-2/fastq/HBAD-A-2_CCTTTGTC_HGHVJDSXY_L003_001.R2.fastq.gz	Unaligned Reads	fastq	HBAD-A-2_CCTTTGTC_HGHVJDSXY_L003_001.R2.fastq.gz	{'etag': '2e9facd52a726a8a303ca8fea439ea16-1156', 'md5': '726d6f0fd3663bf3184298d5aeb71935', 'sha256': 'c5b23306c713bf36b3b4b9439f5c229527593579502d01fc71d381df09b5672b'}	False	Immediate Download	True	True	GRCh38	6058092157	['s3://kf-strides-study-us-east-1-prd-sd-bhjxbdqk/source/NYGC/project_hope/Project_NCIGCC_14356_B01_NAN_Lane.2020-06-08/Sample_HBAD-A-2/fastq/HBAD-A-2_CCTTTGTC_HGHVJDSXY_L003_001.R2.fastq.gz']	False	False	True	True	14581	RNA	7316UP-2403	Surgical Resections	Cerebrum	Tumor	Glioblastoma	False	True	PT_HP7WQNW4	SD_BHJXBDQK	Single Cell RNA-Seq	10x	Illumina	SC_BJW95TMY
	901071	10x-901071	s3://kf-strides-study-us-east-1-prd-sd-bhjxbdqk/source/NYGC/project_hope/Project_NCIGCC_14356_B01_NAN_Lane.2020-06-08/Sample_HBAD-A-3/fastq/HBAD-A-3_AAAGAAGA_HGHVJDSXY_L003_001.R1.fastq.gz	Unaligned Reads	fastq	HBAD-A-3_AAAGAAGA_HGHVJDSXY_L003_001.R1.fastq.gz	{'etag': '9058b72e6721254cddb24ea04c02b2e1-845', 'md5': '1bc6063575c81cf7cbbf77daa7f818d0', 'sha256': '7fb19379c350aabc0308561f13268020661a46176f2b2576e45461ce81ab55d4'}	False	Immediate Download	True	True	GRCh38	4429496100	['s3://kf-strides-study-us-east-1-prd-sd-bhjxbdqk/source/NYGC/project_hope/Project_NCIGCC_14356_B01_NAN_Lane.2020-06-08/Sample_HBAD-A-3/fastq/HBAD-A-3_AAAGAAGA_HGHVJDSXY_L003_001.R1.fastq.gz']	False	False	True	True	14211	RNA	7316UP-2058	Surgical Resections	Cerebrum	Tumor	Glioblastoma	False	True	PT_3PVE9CBR	SD_BHJXBDQK	Single Cell RNA-Seq	10x	Illumina	SC_BJW95TMY
	901071	10x-901071	s3://kf-strides-study-us-east-1-prd-sd-bhjxbdqk/source/NYGC/project_hope/Project_NCIGCC_14356_B01_NAN_Lane.2020-06-08/Sample_HBAD-A-3/fastq/HBAD-A-3_CTGACGCG_HGHVJDSXY_L003_001.R1.fastq.gz	Unaligned Reads	fastq	HBAD-A-3_CTGACGCG_HGHVJDSXY_L003_001.R1.fastq.gz	{'etag': 'd4cde0ae45f820b2cd8ada870e2513c9-965', 'md5': '458ac40222ccc2c678e761140f50fdc8', 'sha256': 'c71ecd06802478e1ff6c83da0935c253564880abe6cf3503b2351e58ad3fe62f'}	False	Immediate Download	True	True	GRCh38	5055216017	['s3://kf-strides-study-us-east-1-prd-sd-bhjxbdqk/source/NYGC/project_hope/Project_NCIGCC_14356_B01_NAN_Lane.2020-06-08/Sample_HBAD-A-3/fastq/HBAD-A-3_CTGACGCG_HGHVJDSXY_L003_001.R1.fastq.gz']	False	False	True	True	14211	RNA	7316UP-2058	Surgical Resections	Cerebrum	Tumor	Glioblastoma	False	True	PT_3PVE9CBR	SD_BHJXBDQK	Single Cell RNA-Seq	10x	Illumina	SC_BJW95TMY
	901071	10x-901071	s3://kf-strides-study-us-east-1-prd-sd-bhjxbdqk/source/NYGC/project_hope/Project_NCIGCC_14356_B01_NAN_Lane.2020-06-08/Sample_HBAD-A-3/fastq/HBAD-A-3_TCCTTCTT_HGHVJDSXY_L003_001.R1.fastq.gz	Unaligned Reads	fastq	HBAD-A-3_TCCTTCTT_HGHVJDSXY_L003_001.R1.fastq.gz	{'etag': '3e87450db8fda151e7a2b9d5a6a8c79c-1190', 'md5': '1b134393d9c7ceef010b936c2722c48b', 'sha256': '62db8ecbdeb310ed2760efb6fca61b47dd70e7e0d96173f8223aaaf863ffc3f6'}	False	Immediate Download	True	True	GRCh38	6237867409	['s3://kf-strides-study-us-east-1-prd-sd-bhjxbdqk/source/NYGC/project_hope/Project_NCIGCC_14356_B01_NAN_Lane.2020-06-08/Sample_HBAD-A-3/fastq/HBAD-A-3_TCCTTCTT_HGHVJDSXY_L003_001.R1.fastq.gz']	False	False	True	True	14211	RNA	7316UP-2058	Surgical Resections	Cerebrum	Tumor	Glioblastoma	False	True	PT_3PVE9CBR	SD_BHJXBDQK	Single Cell RNA-Seq	10x	Illumina	SC_BJW95TMY
	900655	10x-900655	s3://kf-strides-study-us-east-1-prd-sd-bhjxbdqk/source/NYGC/project_hope/Project_NCIGCC_14356_B01_NAN_Lane.2020-06-08/Sample_HBAD-A-2/fastq/HBAD-A-2_AGCACACT_HGHVJDSXY_L003_001.R2.fastq.gz	Unaligned Reads	fastq	HBAD-A-2_AGCACACT_HGHVJDSXY_L003_001.R2.fastq.gz	{'etag': '4513721953a700f70157a80688b1ea96-1315', 'md5': 'f7aa5ff4328344d2258801547906105d', 'sha256': '953ee648fac9b89b13a53fca0abd62e5d3de02177b0d0629449ea9adafc9c6d7'}	False	Immediate Download	True	True	GRCh38	6890188976	['s3://kf-strides-study-us-east-1-prd-sd-bhjxbdqk/source/NYGC/project_hope/Project_NCIGCC_14356_B01_NAN_Lane.2020-06-08/Sample_HBAD-A-2/fastq/HBAD-A-2_AGCACACT_HGHVJDSXY_L003_001.R2.fastq.gz']	False	False	True	True	14581	RNA	7316UP-2403	Surgical Resections	Cerebrum	Tumor	Glioblastoma	False	True	PT_HP7WQNW4	SD_BHJXBDQK	Single Cell RNA-Seq	10x	Illumina	SC_BJW95TMY
	900655	10x-900655	s3://kf-strides-study-us-east-1-prd-sd-bhjxbdqk/source/NYGC/project_hope/Project_NCIGCC_14356_B01_NAN_Lane.2020-06-08/Sample_HBAD-A-2/fastq/HBAD-A-2_GTACGCGG_HGHVJDSXY_L003_001.R2.fastq.gz	Unaligned Reads	fastq	HBAD-A-2_GTACGCGG_HGHVJDSXY_L003_001.R2.fastq.gz	{'etag': 'e1a200aac86ba7924ce504908969af78-1407', 'md5': '68ff07651356a3a9d118a92961406ac6', 'sha256': '7e41a95155a3c28b433e6a3a07518ca93b4760e68024168362fa2b8cf0598b63'}	False	Immediate Download	True	True	GRCh38	7373057653	['s3://kf-strides-study-us-east-1-prd-sd-bhjxbdqk/source/NYGC/project_hope/Project_NCIGCC_14356_B01_NAN_Lane.2020-06-08/Sample_HBAD-A-2/fastq/HBAD-A-2_GTACGCGG_HGHVJDSXY_L003_001.R2.fastq.gz']	False	False	True	True	14581	RNA	7316UP-2403	Surgical Resections	Cerebrum	Tumor	Glioblastoma	False	True	PT_HP7WQNW4	SD_BHJXBDQK	Single Cell RNA-Seq	10x	Illumina	SC_BJW95TMY
	901071	10x-901071	s3://kf-strides-study-us-east-1-prd-sd-bhjxbdqk/source/NYGC/project_hope/Project_NCIGCC_14356_B01_NAN_Lane.2020-06-08/Sample_HBAD-A-3/fastq/HBAD-A-3_GGTCGTAC_HGHVJDSXY_L003_001.R2.fastq.gz	Unaligned Reads	fastq	HBAD-A-3_GGTCGTAC_HGHVJDSXY_L003_001.R2.fastq.gz	{'etag': 'd9dc5b76c927b180203c212f02f284e2-2307', 'md5': 'de1d19bbeb47fe62c1bd704209379737', 'sha256': 'fb2d3e8e95723f12b941b92305b8e47437997af708a815f59ee46e87ea7c25a1'}	False	Immediate Download	True	True	GRCh38	12092545082	['s3://kf-strides-study-us-east-1-prd-sd-bhjxbdqk/source/NYGC/project_hope/Project_NCIGCC_14356_B01_NAN_Lane.2020-06-08/Sample_HBAD-A-3/fastq/HBAD-A-3_GGTCGTAC_HGHVJDSXY_L003_001.R2.fastq.gz']	False	False	True	True	14211	RNA	7316UP-2058	Surgical Resections	Cerebrum	Tumor	Glioblastoma	False	True	PT_3PVE9CBR	SD_BHJXBDQK	Single Cell RNA-Seq	10x	Illumina	SC_BJW95TMY
	901071	10x-901071	s3://kf-strides-study-us-east-1-prd-sd-bhjxbdqk/source/NYGC/project_hope/Project_NCIGCC_14356_B01_NAN_Lane.2020-06-08/Sample_HBAD-A-3/fastq/HBAD-A-3_CTGACGCG_HGHVJDSXY_L003_001.R2.fastq.gz	Unaligned Reads	fastq	HBAD-A-3_CTGACGCG_HGHVJDSXY_L003_001.R2.fastq.gz	{'etag': '381c79c3ed5ffdbfb146cbb466e3fd27-2190', 'md5': 'cbedf341231234fd7a8103415b498a6b', 'sha256': '398264b1a894e4b0a0c565a01d4c0fd2b847598560c31a85819f862777582b7c'}	False	Immediate Download	True	True	GRCh38	11478035718	['s3://kf-strides-study-us-east-1-prd-sd-bhjxbdqk/source/NYGC/project_hope/Project_NCIGCC_14356_B01_NAN_Lane.2020-06-08/Sample_HBAD-A-3/fastq/HBAD-A-3_CTGACGCG_HGHVJDSXY_L003_001.R2.fastq.gz']	False	False	True	True	14211	RNA	7316UP-2058	Surgical Resections	Cerebrum	Tumor	Glioblastoma	False	True	PT_3PVE9CBR	SD_BHJXBDQK	Single Cell RNA-Seq	10x	Illumina	SC_BJW95TMY
	900655	10x-900655	s3://kf-strides-study-us-east-1-prd-sd-bhjxbdqk/source/NYGC/project_hope/Project_NCIGCC_14356_B01_NAN_Lane.2020-06-08/Sample_HBAD-A-2/fastq/HBAD-A-2_AGCACACT_HGHVJDSXY_L003_001.R1.fastq.gz	Unaligned Reads	fastq	HBAD-A-2_AGCACACT_HGHVJDSXY_L003_001.R1.fastq.gz	{'etag': '6b96ffad3b9ae6ff72815b46f377d9dc-567', 'md5': 'b05420ef7a971d25f6da3b88547a9cab', 'sha256': '71f502e7b366498241f3d8e5ca1867edbf05654f43321b88a9d0afdb59e6af98'}	False	Immediate Download	True	True	GRCh38	2969400135	['s3://kf-strides-study-us-east-1-prd-sd-bhjxbdqk/source/NYGC/project_hope/Project_NCIGCC_14356_B01_NAN_Lane.2020-06-08/Sample_HBAD-A-2/fastq/HBAD-A-2_AGCACACT_HGHVJDSXY_L003_001.R1.fastq.gz']	False	False	True	True	14581	RNA	7316UP-2403	Surgical Resections	Cerebrum	Tumor	Glioblastoma	False	True	PT_HP7WQNW4	SD_BHJXBDQK	Single Cell RNA-Seq	10x	Illumina	SC_BJW95TMY
	900650	10x-900650	s3://kf-strides-study-us-east-1-prd-sd-bhjxbdqk/source/NYGC/project_hope/aaron_diaz/./HBAD-F1_900650/HBAD-F1_S1_L004_R2_001.fastq.gz	Unaligned Reads	fastq	HBAD-F1_S1_L004_R2_001.fastq.gz	{'etag': '5d7359d8ee91c0660b911ccda8580182-2241'}	False	Immediate Download	True	True	GRCh38	18794789914	['s3://kf-strides-study-us-east-1-prd-sd-bhjxbdqk/source/NYGC/project_hope/aaron_diaz/./HBAD-F1_900650/HBAD-F1_S1_L004_R2_001.fastq.gz']	False	False	True	True	14385	RNA	7316UP-2333	Surgical Resections	Cerebrum	Tumor	Glioblastoma	False	True	PT_3PVE9CBR	SD_BHJXBDQK	Single Cell RNA-Seq	10x	Illumina	SC_BJW95TMY
	900650	10x-900650	s3://kf-strides-study-us-east-1-prd-sd-bhjxbdqk/source/NYGC/project_hope/aaron_diaz/./HBAD-F1_900650/HBAD-F1_S2_L004_R1_001.fastq.gz	Unaligned Reads	fastq	HBAD-F1_S2_L004_R1_001.fastq.gz	{'etag': 'd86c62666617fa39234c890f62e75f23-1002'}	False	Immediate Download	True	True	GRCh38	8398636419	['s3://kf-strides-study-us-east-1-prd-sd-bhjxbdqk/source/NYGC/project_hope/aaron_diaz/./HBAD-F1_900650/HBAD-F1_S2_L004_R1_001.fastq.gz']	False	False	True	True	14385	RNA	7316UP-2333	Surgical Resections	Cerebrum	Tumor	Glioblastoma	False	True	PT_3PVE9CBR	SD_BHJXBDQK	Single Cell RNA-Seq	10x	Illumina	SC_BJW95TMY
	900650	10x-900650	s3://kf-strides-study-us-east-1-prd-sd-bhjxbdqk/source/NYGC/project_hope/aaron_diaz/./HBAD-F1_900650/HBAD-F1_S3_L004_R2_001.fastq.gz	Unaligned Reads	fastq	HBAD-F1_S3_L004_R2_001.fastq.gz	{'etag': 'a8b9f32e45a03bb618dfe5ce8d43fe49-1777'}	False	Immediate Download	True	True	GRCh38	14906411564	['s3://kf-strides-study-us-east-1-prd-sd-bhjxbdqk/source/NYGC/project_hope/aaron_diaz/./HBAD-F1_900650/HBAD-F1_S3_L004_R2_001.fastq.gz']	False	False	True	True	14385	RNA	7316UP-2333	Surgical Resections	Cerebrum	Tumor	Glioblastoma	False	True	PT_3PVE9CBR	SD_BHJXBDQK	Single Cell RNA-Seq	10x	Illumina	SC_BJW95TMY
	900650	10x-900650	s3://kf-strides-study-us-east-1-prd-sd-bhjxbdqk/source/NYGC/project_hope/aaron_diaz/./HBAD-F1_900650/HBAD-F1_S4_L004_R1_001.fastq.gz	Unaligned Reads	fastq	HBAD-F1_S4_L004_R1_001.fastq.gz	{'etag': '925634cb87deec1ba31620b59146871b-942'}	False	Immediate Download	True	True	GRCh38	7899316315	['s3://kf-strides-study-us-east-1-prd-sd-bhjxbdqk/source/NYGC/project_hope/aaron_diaz/./HBAD-F1_900650/HBAD-F1_S4_L004_R1_001.fastq.gz']	False	False	True	True	14385	RNA	7316UP-2333	Surgical Resections	Cerebrum	Tumor	Glioblastoma	False	True	PT_3PVE9CBR	SD_BHJXBDQK	Single Cell RNA-Seq	10x	Illumina	SC_BJW95TMY
	900650	10x-900650	s3://kf-strides-study-us-east-1-prd-sd-bhjxbdqk/source/NYGC/project_hope/aaron_diaz/./HBAD-F1_900650/HBAD-F1_S4_L004_R2_001.fastq.gz	Unaligned Reads	fastq	HBAD-F1_S4_L004_R2_001.fastq.gz	{'etag': 'cd3e2799cc70f9648bee2116587b383f-2129'}	False	Immediate Download	True	True	GRCh38	17851149420	['s3://kf-strides-study-us-east-1-prd-sd-bhjxbdqk/source/NYGC/project_hope/aaron_diaz/./HBAD-F1_900650/HBAD-F1_S4_L004_R2_001.fastq.gz']	False	False	True	True	14385	RNA	7316UP-2333	Surgical Resections	Cerebrum	Tumor	Glioblastoma	False	True	PT_3PVE9CBR	SD_BHJXBDQK	Single Cell RNA-Seq	10x	Illumina	SC_BJW95TMY
	900655	10x-900655	s3://kf-strides-study-us-east-1-prd-sd-bhjxbdqk/source/NYGC/project_hope/Project_NCIGCC_14356_B01_NAN_Lane.2020-06-08/Sample_HBAD-A-2/fastq/HBAD-A-2_CCTTTGTC_HGHVJDSXY_L003_001.R1.fastq.gz	Unaligned Reads	fastq	HBAD-A-2_CCTTTGTC_HGHVJDSXY_L003_001.R1.fastq.gz	{'etag': '5d0aa59a9f484bb4d157819ab556b3be-515', 'md5': '9780619ed76857682b06ee18bc6f5678', 'sha256': '928f0d6f55a396d3edc5b1ce5b8cf42646dc82cac095e0f9c34ea98074750bc7'}	False	Immediate Download	True	True	GRCh38	2696815454	['s3://kf-strides-study-us-east-1-prd-sd-bhjxbdqk/source/NYGC/project_hope/Project_NCIGCC_14356_B01_NAN_Lane.2020-06-08/Sample_HBAD-A-2/fastq/HBAD-A-2_CCTTTGTC_HGHVJDSXY_L003_001.R1.fastq.gz']	False	False	True	True	14581	RNA	7316UP-2403	Surgical Resections	Cerebrum	Tumor	Glioblastoma	False	True	PT_HP7WQNW4	SD_BHJXBDQK	Single Cell RNA-Seq	10x	Illumina	SC_BJW95TMY
	900655	10x-900655	s3://kf-strides-study-us-east-1-prd-sd-bhjxbdqk/source/NYGC/project_hope/Project_NCIGCC_14356_B01_NAN_Lane.2020-06-08/Sample_HBAD-A-2/fastq/HBAD-A-2_TAGGATAA_HGHVJDSXY_L003_001.R1.fastq.gz	Unaligned Reads	fastq	HBAD-A-2_TAGGATAA_HGHVJDSXY_L003_001.R1.fastq.gz	{'etag': '95a921d977872fe3eac3ba15ce914f61-414', 'md5': '9be0ed00fb93c98867169ced419f8518', 'sha256': '43466f73a98aa1d35d293fd311f8409c341d3a342f2af6b964bb682e85236bb7'}	False	Immediate Download	True	True	GRCh38	2165524330	['s3://kf-strides-study-us-east-1-prd-sd-bhjxbdqk/source/NYGC/project_hope/Project_NCIGCC_14356_B01_NAN_Lane.2020-06-08/Sample_HBAD-A-2/fastq/HBAD-A-2_TAGGATAA_HGHVJDSXY_L003_001.R1.fastq.gz']	False	False	True	True	14581	RNA	7316UP-2403	Surgical Resections	Cerebrum	Tumor	Glioblastoma	False	True	PT_HP7WQNW4	SD_BHJXBDQK	Single Cell RNA-Seq	10x	Illumina	SC_BJW95TMY
